Node ID,Node Path,Query,Refinement Link672124011,Shoes,,679182011,Shoes/Boys,,See Available Refinements6127768011,Shoes/Boys/Athletic,,See Available Refinements3420512011,Shoes/Boys/Athletic/Baseball & Softball,,See Available Refinements3420513011,Shoes/Boys/Athletic/Baseball & Softball/Baseball,department_name:( boys OR baby-boys ) AND item_type_keyword:baseball-shoes,See Available Refinements3420514011,Shoes/Boys/Athletic/Baseball & Softball/Softball,department_name:( boys OR baby-boys ) AND item_type_keyword:softball-shoes,See Available Refinements3420515011,Shoes/Boys/Athletic/Basketball,department_name:( boys OR baby-boys ) AND item_type_keyword:basketball-shoes,See Available Refinements3420517011,Shoes/Boys/Athletic/Boating,department_name:( boys OR baby-boys ) AND item_type_keyword:athletic-boating-shoes,See Available Refinements3420519011,Shoes/Boys/Athletic/Bowling,department_name:( boys OR baby-boys ) AND item_type_keyword:bowling-shoes,See Available Refinements3420518011,Shoes/Boys/Athletic/Boxing,department_name:( boys OR baby-boys ) AND item_type_keyword:boxing-shoes,See Available Refinements3420520011,Shoes/Boys/Athletic/Cheerleading,department_name:( boys OR baby-boys ) AND item_type_keyword:cheerleading-shoes,See Available Refinements3420522011,Shoes/Boys/Athletic/Cricket,department_name:( boys OR baby-boys ) AND item_type_keyword:cricket-shoes,See Available Refinements3420524011,Shoes/Boys/Athletic/Cycling,department_name:( boys OR baby-boys ) AND item_type_keyword:cycling-footwear,See Available Refinements3420525011,Shoes/Boys/Athletic/Dance,department_name:( boys OR baby-boys ) AND item_type_keyword:dance-shoes,See Available Refinements3420526011,Shoes/Boys/Athletic/Equestrian Sport Boots,department_name:( boys OR baby-boys ) AND item_type_keyword:equestrian-boots,See Available Refinements3420527011,Shoes/Boys/Athletic/Field Hockey & Lacrosse,,See Available Refinements3420528011,Shoes/Boys/Athletic/Field Hockey & Lacrosse/Field Hockey,department_name:( boys OR baby-boys ) AND item_type_keyword:field-hockey-shoes,See Available Refinements3420529011,Shoes/Boys/Athletic/Field Hockey & Lacrosse/Lacrosse,department_name:( boys OR baby-boys ) AND item_type_keyword:lacrosse-shoes,See Available Refinements3420523011,Shoes/Boys/Athletic/Fitness & Cross-Training,department_name:( boys OR baby-boys ) AND item_type_keyword:cross-trainer-shoes,See Available Refinements3420530011,Shoes/Boys/Athletic/Football,department_name:( boys OR baby-boys ) AND item_type_keyword:football-shoes,See Available Refinements3420531011,Shoes/Boys/Athletic/Futsal,department_name:( boys OR baby-boys ) AND item_type_keyword:futsal-shoes,See Available Refinements3420532011,Shoes/Boys/Athletic/Golf,department_name:( boys OR baby-boys ) AND item_type_keyword:golf-shoes,See Available Refinements3420533011,Shoes/Boys/Athletic/Gymnastics,department_name:( boys OR baby-boys ) AND item_type_keyword:gymnastics-shoes,See Available Refinements3420534011,Shoes/Boys/Athletic/Handball,department_name:( boys OR baby-boys ) AND item_type_keyword:american-handball-shoes,See Available Refinements3420541011,Shoes/Boys/Athletic/Indoor Multisport Court Shoes,department_name:( boys OR baby-boys ) AND item_type_keyword:indoor-multisport-court-shoes,See Available Refinements3420542011,Shoes/Boys/Athletic/Racquet Sports,,See Available Refinements3420544011,Shoes/Boys/Athletic/Racquet Sports/Badminton,department_name:( boys OR baby-boys ) AND item_type_keyword:badminton-shoes,See Available Refinements3420546011,Shoes/Boys/Athletic/Racquet Sports/Racquetball,department_name:( boys OR baby-boys ) AND item_type_keyword:racquetball-shoes,See Available Refinements3420545011,Shoes/Boys/Athletic/Racquet Sports/Squash,department_name:( boys OR baby-boys ) AND item_type_keyword:squash-shoes,See Available Refinements3420543011,Shoes/Boys/Athletic/Racquet Sports/Tennis,department_name:( boys OR baby-boys ) AND item_type_keyword:tennis-shoes,See Available Refinements3420549011,Shoes/Boys/Athletic/Rugby,department_name:( boys OR baby-boys ) AND item_type_keyword:rugby-shoes,See Available Refinements3420550011,Shoes/Boys/Athletic/Running,department_name:( boys OR baby-boys ) AND item_type_keyword:running-shoes,See Available Refinements3420552011,Shoes/Boys/Athletic/Skateboarding,department_name:( boys OR baby-boys ) AND item_type_keyword:skateboarding-shoes,See Available Refinements3420554011,Shoes/Boys/Athletic/Soccer,department_name:( boys OR baby-boys ) AND item_type_keyword:soccer-shoes,See Available Refinements3420555011,Shoes/Boys/Athletic/Sport Sandals,department_name:( boys OR baby-boys ) AND item_type_keyword:athletic-sandals,See Available Refinements3420556011,Shoes/Boys/Athletic/Track & Field & Cross Country,,See Available Refinements3420558011,Shoes/Boys/Athletic/Track & Field & Cross Country/Cross Country,department_name:( boys OR baby-boys ) AND item_type_keyword:cross-country-running-shoes,See Available Refinements3420557011,Shoes/Boys/Athletic/Track & Field & Cross Country/Track & Field,department_name:( boys OR baby-boys ) AND item_type_keyword:track-shoes,See Available Refinements3420551011,Shoes/Boys/Athletic/Trail Running,department_name:( boys OR baby-boys ) AND item_type_keyword:trail-runners,See Available Refinements3420559011,Shoes/Boys/Athletic/Volleyball,department_name:( boys OR baby-boys ) AND item_type_keyword:volleyball-shoes,See Available Refinements3420560011,Shoes/Boys/Athletic/Walking,department_name:( boys OR baby-boys ) AND item_type_keyword:walking-shoes,See Available Refinements3420561011,Shoes/Boys/Athletic/Water Shoes,department_name:( boys OR baby-boys ) AND item_type_keyword:athletic-water-shoes,See Available Refinements3420562011,Shoes/Boys/Athletic/Wrestling,department_name:( boys OR baby-boys ) AND item_type_keyword:wrestling-shoes,See Available Refinements3420707011,Shoes/Boys/Boots,department_name:( boys OR baby-boys ) AND item_type_keyword:boots,See Available Refinements3420708011,Shoes/Boys/Clogs & Mules,department_name:( boys OR baby-boys ) AND item_type_keyword:clogs-and-mules-shoes,See Available Refinements3420709011,Shoes/Boys/Crib Shoes,department_name:baby-boys AND item_type_keyword:crib-shoes,See Available Refinements3420710011,Shoes/Boys/First Walkers,department_name:baby-boys AND item_type_keyword:first-walkers-shoes,See Available Refinements3420711011,Shoes/Boys/Geta & Zori,department_name:( boys OR baby-boys ) AND item_type_keyword:geta-and-zori-sandals,See Available Refinements3420712011,Shoes/Boys/Loafers,department_name:( boys OR baby-boys ) AND item_type_keyword:loafers-shoes,See Available Refinements6127764011,Shoes/Boys/Outdoor,,See Available Refinements3420535011,Shoes/Boys/Outdoor/Hiking & Trekking,,See Available Refinements3420536011,Shoes/Boys/Outdoor/Hiking & Trekking/Backpacking Boots,department_name:( boys OR baby-boys ) AND item_type_keyword:backpacking-boots,See Available Refinements3420537011,Shoes/Boys/Outdoor/Hiking & Trekking/Hiking Boots,department_name:( boys OR baby-boys ) AND item_type_keyword:hiking-boots,See Available Refinements3420538011,Shoes/Boys/Outdoor/Hiking & Trekking/Hiking Shoes,department_name:( boys OR baby-boys ) AND item_type_keyword:hiking-shoes,See Available Refinements3420539011,Shoes/Boys/Outdoor/Hiking & Trekking/Mountaineering Boots,department_name:( boys OR baby-boys ) AND item_type_keyword:mountaineering-boots,See Available Refinements3420540011,Shoes/Boys/Outdoor/Hunting,department_name:( boys OR baby-boys ) AND item_type_keyword:hunting-shoes,See Available Refinements3420547011,Shoes/Boys/Outdoor/Rain Boots,department_name:( boys OR baby-boys ) AND item_type_keyword:rain-boots,See Available Refinements3420548011,Shoes/Boys/Outdoor/Rock Climbing,department_name:( boys OR baby-boys ) AND item_type_keyword:climbing-shoes,See Available Refinements5658906011,Shoes/Boys/Outdoor/Snow Boots,department_name:( boys OR baby-boys ) AND item_type_keyword:snow-boots,See Available Refinements3420553011,Shoes/Boys/Outdoor/Snow Sneakers,department_name:( boys OR baby-boys ) AND item_type_keyword:snow-sneakers,See Available Refinements3420555011,Shoes/Boys/Outdoor/Sport Sandals,department_name:( boys OR baby-boys ) AND item_type_keyword:athletic-sandals,See Available Refinements3420551011,Shoes/Boys/Outdoor/Trail Running,department_name:( boys OR baby-boys ) AND item_type_keyword:trail-runners,See Available Refinements3420561011,Shoes/Boys/Outdoor/Water Shoes,department_name:( boys OR baby-boys ) AND item_type_keyword:athletic-water-shoes,See Available Refinements3420713011,Shoes/Boys/Oxfords,department_name:( boys OR baby-boys ) AND item_type_keyword:oxfords-shoes,See Available Refinements3420714011,Shoes/Boys/Sandals,department_name:( boys OR baby-boys ) AND item_type_keyword:sandals,See Available Refinements3420716011,Shoes/Boys/Slippers,department_name:( boys OR baby-boys ) AND item_type_keyword:slippers,See Available Refinements3420717011,Shoes/Boys/Sneakers,department_name:( boys OR baby-boys ) AND item_type_keyword:fashion-sneakers,See Available Refinements3420715011,Shoes/Boys/Uniform & School Shoes,department_name:boys AND item_type_keyword:footwear AND style_keywords:school_uniform,See Available Refinements3420718011,Shoes/Boys/Uwabaki,department_name:( boys OR baby-boys ) AND item_type_keyword:uwabaki-shoes,See Available Refinements679217011,Shoes/Girls,,See Available Refinements6127769011,Shoes/Girls/Athletic,,See Available Refinements3420787011,Shoes/Girls/Athletic/Basketball,department_name:( girls OR baby-girls ) AND item_type_keyword:basketball-shoes,See Available Refinements3420789011,Shoes/Girls/Athletic/Boating,department_name:( girls OR baby-girls ) AND item_type_keyword:athletic-boating-shoes,See Available Refinements3420791011,Shoes/Girls/Athletic/Bowling,department_name:( girls OR baby-girls ) AND item_type_keyword:bowling-shoes,See Available Refinements3420790011,Shoes/Girls/Athletic/Boxing,department_name:( girls OR baby-girls ) AND item_type_keyword:boxing-shoes,See Available Refinements3420792011,Shoes/Girls/Athletic/Cheerleading,department_name:( girls OR baby-girls ) AND item_type_keyword:cheerleading-shoes,See Available Refinements3420793011,Shoes/Girls/Athletic/Cricket,department_name:( girls OR baby-girls ) AND item_type_keyword:cricket-shoes,See Available Refinements3420795011,Shoes/Girls/Athletic/Cycling,department_name:( girls OR baby-girls ) AND item_type_keyword:cycling-footwear,See Available Refinements3420796011,Shoes/Girls/Athletic/Dance,department_name:( girls OR baby-girls ) AND item_type_keyword:dance-shoes,See Available Refinements3420797011,Shoes/Girls/Athletic/Equestrian Sport Boots,department_name:( girls OR baby-girls ) AND item_type_keyword:equestrian-boots,See Available Refinements3420798011,Shoes/Girls/Athletic/Field Hockey & Lacrosse,,See Available Refinements3420799011,Shoes/Girls/Athletic/Field Hockey & Lacrosse/Field Hockey,department_name:( girls OR baby-girls ) AND item_type_keyword:field-hockey-shoes,See Available Refinements3420800011,Shoes/Girls/Athletic/Field Hockey & Lacrosse/Lacrosse,department_name:( girls OR baby-girls ) AND item_type_keyword:lacrosse-shoes,See Available Refinements3420794011,Shoes/Girls/Athletic/Fitness & Cross-Training,department_name:( girls OR baby-girls ) AND item_type_keyword:cross-trainer-shoes,See Available Refinements3420801011,Shoes/Girls/Athletic/Football,department_name:( girls OR baby-girls ) AND item_type_keyword:football-shoes,See Available Refinements3420802011,Shoes/Girls/Athletic/Futsal,department_name:( girls OR baby-girls ) AND item_type_keyword:futsal-shoes,See Available Refinements3420803011,Shoes/Girls/Athletic/Golf,department_name:( girls OR baby-girls ) AND item_type_keyword:golf-shoes,See Available Refinements3420804011,Shoes/Girls/Athletic/Gymnastics,department_name:( girls OR baby-girls ) AND item_type_keyword:gymnastics-shoes,See Available Refinements3420805011,Shoes/Girls/Athletic/Handball,department_name:( girls OR baby-girls ) AND item_type_keyword:american-handball-shoes,See Available Refinements3420812011,Shoes/Girls/Athletic/Indoor Multisport Court Shoes,department_name:( girls OR baby-girls ) AND item_type_keyword:indoor-multisport-court-shoes,See Available Refinements3420813011,Shoes/Girls/Athletic/Racquet Sports,,See Available Refinements3420815011,Shoes/Girls/Athletic/Racquet Sports/Badminton,department_name:( girls OR baby-girls ) AND item_type_keyword:badminton-shoes,See Available Refinements3420817011,Shoes/Girls/Athletic/Racquet Sports/Racquetball,department_name:( girls OR baby-girls ) AND item_type_keyword:racquetball-shoes,See Available Refinements3420816011,Shoes/Girls/Athletic/Racquet Sports/Squash,department_name:( girls OR baby-girls ) AND item_type_keyword:squash-shoes,See Available Refinements3420814011,Shoes/Girls/Athletic/Racquet Sports/Tennis,department_name:( girls OR baby-girls ) AND item_type_keyword:tennis-shoes,See Available Refinements3420820011,Shoes/Girls/Athletic/Rugby,department_name:( girls OR baby-girls ) AND item_type_keyword:rugby-shoes,See Available Refinements3420821011,Shoes/Girls/Athletic/Running,department_name:( girls OR baby-girls ) AND item_type_keyword:running-shoes,See Available Refinements3420823011,Shoes/Girls/Athletic/Skateboarding,department_name:( girls OR baby-girls ) AND item_type_keyword:skateboarding-shoes,See Available Refinements3420825011,Shoes/Girls/Athletic/Soccer,department_name:( girls OR baby-girls ) AND item_type_keyword:soccer-shoes,See Available Refinements3420784011,Shoes/Girls/Athletic/Softball & Baseball,,See Available Refinements3420785011,Shoes/Girls/Athletic/Softball & Baseball/Baseball,department_name:( girls OR baby-girls ) AND item_type_keyword:baseball-shoes,See Available Refinements3420786011,Shoes/Girls/Athletic/Softball & Baseball/Softball,department_name:( girls OR baby-girls ) AND item_type_keyword:softball-shoes,See Available Refinements3420826011,Shoes/Girls/Athletic/Sport Sandals,department_name:( girls OR baby-girls ) AND item_type_keyword:athletic-sandals,See Available Refinements3420827011,Shoes/Girls/Athletic/Track & Field & Cross Country,,See Available Refinements3420829011,Shoes/Girls/Athletic/Track & Field & Cross Country/Cross Country,department_name:( girls OR baby-girls ) AND item_type_keyword:cross-country-running-shoes,See Available Refinements3420828011,Shoes/Girls/Athletic/Track & Field & Cross Country/Track & Field,department_name:( girls OR baby-girls ) AND item_type_keyword:track-shoes,See Available Refinements3420822011,Shoes/Girls/Athletic/Trail Running,department_name:( girls OR baby-girls ) AND item_type_keyword:trail-runners,See Available Refinements3420830011,Shoes/Girls/Athletic/Volleyball,department_name:( girls OR baby-girls ) AND item_type_keyword:volleyball-shoes,See Available Refinements3420831011,Shoes/Girls/Athletic/Walking,department_name:( girls OR baby-girls ) AND item_type_keyword:walking-shoes,See Available Refinements3420832011,Shoes/Girls/Athletic/Water Shoes,department_name:( girls OR baby-girls ) AND item_type_keyword:athletic-water-shoes,See Available Refinements3420833011,Shoes/Girls/Athletic/Wrestling,department_name:( girls OR baby-girls ) AND item_type_keyword:wrestling-shoes,See Available Refinements3420847011,Shoes/Girls/Boots,department_name:( girls OR baby-girls ) AND item_type_keyword:boots,See Available Refinements3420848011,Shoes/Girls/Clogs & Mules,department_name:( girls OR baby-girls ) AND item_type_keyword:clogs-and-mules-shoes,See Available Refinements3420849011,Shoes/Girls/Crib Shoes,department_name:baby-girls AND item_type_keyword:crib-shoes,See Available Refinements3420850011,Shoes/Girls/First Walkers,department_name:baby-girls AND item_type_keyword:first-walkers-shoes,See Available Refinements3420851011,Shoes/Girls/Flats,department_name:( girls OR baby-girls ) AND item_type_keyword:flats-shoes,See Available Refinements3420852011,Shoes/Girls/Geta & Zori,department_name:( girls OR baby-girls ) AND item_type_keyword:geta-and-zori-sandals,See Available Refinements3420853011,Shoes/Girls/Loafers,department_name:( girls OR baby-girls ) AND item_type_keyword:loafers-shoes,See Available Refinements6127765011,Shoes/Girls/Outdoor,,See Available Refinements3420806011,Shoes/Girls/Outdoor/Hiking & Trekking,,See Available Refinements3420807011,Shoes/Girls/Outdoor/Hiking & Trekking/Backpacking Boots,department_name:( girls OR baby-girls ) AND item_type_keyword:backpacking-boots,See Available Refinements3420808011,Shoes/Girls/Outdoor/Hiking & Trekking/Hiking Boots,department_name:( girls OR baby-girls ) AND item_type_keyword:hiking-boots,See Available Refinements3420809011,Shoes/Girls/Outdoor/Hiking & Trekking/Hiking Shoes,department_name:( girls OR baby-girls ) AND item_type_keyword:hiking-shoes,See Available Refinements3420810011,Shoes/Girls/Outdoor/Hiking & Trekking/Mountaineering Boots,department_name:( girls OR baby-girls ) AND item_type_keyword:mountaineering-boots,See Available Refinements3420811011,Shoes/Girls/Outdoor/Hunting,department_name:( girls OR baby-girls ) AND item_type_keyword:hunting-shoes,See Available Refinements3420818011,Shoes/Girls/Outdoor/Rain Boots,department_name:( girls OR baby-girls ) AND item_type_keyword:rain-boots,See Available Refinements3420819011,Shoes/Girls/Outdoor/Rock Climbing,department_name:( girls OR baby-girls ) AND item_type_keyword:climbing-shoes,See Available Refinements5658905011,Shoes/Girls/Outdoor/Snow Boots,department_name:( girls OR baby-girls ) AND item_type_keyword:snow-boots,See Available Refinements3420824011,Shoes/Girls/Outdoor/Snow Sneakers,department_name:( girls OR baby-girls ) AND item_type_keyword:snow-sneakers,See Available Refinements3420826011,Shoes/Girls/Outdoor/Sport Sandals,department_name:( girls OR baby-girls ) AND item_type_keyword:athletic-sandals,See Available Refinements3420822011,Shoes/Girls/Outdoor/Trail Running,department_name:( girls OR baby-girls ) AND item_type_keyword:trail-runners,See Available Refinements3420832011,Shoes/Girls/Outdoor/Water Shoes,department_name:( girls OR baby-girls ) AND item_type_keyword:athletic-water-shoes,See Available Refinements3420854011,Shoes/Girls/Oxfords,department_name:( girls OR baby-girls ) AND item_type_keyword:oxfords-shoes,See Available Refinements4531947011,Shoes/Girls/Pumps,department_name:girls AND item_type_keyword:pumps-shoes,See Available Refinements3420855011,Shoes/Girls/Sandals,department_name:( girls OR baby-girls ) AND item_type_keyword:sandals,See Available Refinements3420856011,Shoes/Girls/Slippers,department_name:( girls OR baby-girls ) AND item_type_keyword:slippers,See Available Refinements3420857011,Shoes/Girls/Sneakers,department_name:( girls OR baby-girls ) AND item_type_keyword:fashion-sneakers,See Available Refinements3420858011,Shoes/Girls/Uniform & School Shoes,department_name:girls AND item_type_keyword:footwear AND style_keywords:school_uniform,See Available Refinements3420859011,Shoes/Girls/Uwabaki,department_name:( girls OR baby-girls ) AND item_type_keyword:uwabaki-shoes,See Available Refinements15743631,Shoes/Handbags,item_type_keyword:handbags,See Available Refinements15743661,Shoes/Handbags/Clutches,item_type_keyword:clutch-handbags,See Available Refinements2475899011,Shoes/Handbags/Cross-Body Bags,item_type_keyword:cross-body-handbags,See Available Refinements15743671,Shoes/Handbags/Evening Bags,item_type_keyword:evening-handbags,See Available Refinements3421075011,Shoes/Handbags/Shoulder Bags,item_type_keyword:shoulder-handbags,See Available Refinements2475901011,Shoes/Handbags/Top-Handle Bags,item_type_keyword:top-handle-handbags,See Available Refinements673131011,Shoes/Handbags/Wristlets,item_type_keyword:wristlet-handbags,See Available Refinements679255011,Shoes/Men,department_name:mens AND item_type_keyword:footwear,See Available Refinements6127770011,Shoes/Men/Athletic,,See Available Refinements679273011,Shoes/Men/Athletic/Ballet & Dance,department_name:mens AND item_type_keyword:dance-shoes,See Available Refinements679257011,Shoes/Men/Athletic/Baseball & Softball,,See Available Refinements3420950011,Shoes/Men/Athletic/Baseball & Softball/Baseball,department_name:mens AND item_type_keyword:baseball-shoes,See Available Refinements3420951011,Shoes/Men/Athletic/Baseball & Softball/Softball,department_name:mens AND item_type_keyword:softball-shoes,See Available Refinements679260011,Shoes/Men/Athletic/Basketball,department_name:mens AND item_type_keyword:basketball-shoes,See Available Refinements679264011,Shoes/Men/Athletic/Boating,department_name:mens AND item_type_keyword:athletic-boating-shoes,See Available Refinements679268011,Shoes/Men/Athletic/Bowling,department_name:mens AND item_type_keyword:bowling-shoes,See Available Refinements3420983011,Shoes/Men/Athletic/Boxing,department_name:mens AND item_type_keyword:boxing-shoes,See Available Refinements3420981011,Shoes/Men/Athletic/Cheerleading,department_name:mens AND item_type_keyword:cheerleading-shoes,See Available Refinements3420982011,Shoes/Men/Athletic/Cricket,department_name:mens AND item_type_keyword:cricket-shoes,See Available Refinements679272011,Shoes/Men/Athletic/Cycling,department_name:mens AND item_type_keyword:cycling-footwear,See Available Refinements3420978011,Shoes/Men/Athletic/Equestrian Sport Boots,department_name:mens AND item_type_keyword:equestrian-boots,See Available Refinements3420960011,Shoes/Men/Athletic/Field Hockey & Lacrosse,,See Available Refinements3420961011,Shoes/Men/Athletic/Field Hockey & Lacrosse/Field Hockey,department_name:mens AND item_type_keyword:field-hockey-shoes,See Available Refinements679284011,Shoes/Men/Athletic/Field Hockey & Lacrosse/Lacrosse,department_name:mens AND item_type_keyword:lacrosse-shoes,See Available Refinements679271011,Shoes/Men/Athletic/Fitness & Cross-Training,department_name:mens AND item_type_keyword:cross-trainer-shoes,See Available Refinements679275011,Shoes/Men/Athletic/Football,department_name:mens AND item_type_keyword:football-shoes,See Available Refinements3420953011,Shoes/Men/Athletic/Futsal,department_name:mens AND item_type_keyword:futsal-shoes,See Available Refinements679278011,Shoes/Men/Athletic/Golf,department_name:mens AND item_type_keyword:golf-shoes,See Available Refinements3420980011,Shoes/Men/Athletic/Gymnastics,department_name:mens AND item_type_keyword:gymnastics-shoes,See Available Refinements3420954011,Shoes/Men/Athletic/Handball,department_name:mens AND item_type_keyword:american-handball-shoes,See Available Refinements3420979011,Shoes/Men/Athletic/Indoor Multisport Court Shoes,department_name:mens AND item_type_keyword:indoor-court-shoes,See Available Refinements3420963011,Shoes/Men/Athletic/Racquet Sports,,See Available Refinements3420964011,Shoes/Men/Athletic/Racquet Sports/Badminton,department_name:mens AND item_type_keyword:badminton-shoes,See Available Refinements3420965011,Shoes/Men/Athletic/Racquet Sports/Racquetball,department_name:mens AND item_type_keyword:racquetball-shoes,See Available Refinements3420966011,Shoes/Men/Athletic/Racquet Sports/Squash,department_name:mens AND item_type_keyword:squash-shoes,See Available Refinements679300011,Shoes/Men/Athletic/Racquet Sports/Tennis,department_name:mens AND item_type_keyword:tennis-shoes,See Available Refinements683179011,Shoes/Men/Athletic/Rugby,department_name:mens AND item_type_keyword:rugby-shoes,See Available Refinements679286011,Shoes/Men/Athletic/Running,department_name:mens AND item_type_keyword:running-shoes,See Available Refinements679295011,Shoes/Men/Athletic/Skateboarding,department_name:mens AND item_type_keyword:skateboarding-shoes,See Available Refinements679296011,Shoes/Men/Athletic/Soccer,department_name:mens AND item_type_keyword:soccer-shoes,See Available Refinements679291011,Shoes/Men/Athletic/Sport Sandals,department_name:mens AND item_type_keyword:athletic-sandals,See Available Refinements3420984011,Shoes/Men/Athletic/Table Tennis,department_name:mens AND item_type_keyword:table-tennis-shoes,See Available Refinements3420973011,Shoes/Men/Athletic/Track & Field & Cross Country,,See Available Refinements679287011,Shoes/Men/Athletic/Track & Field & Cross Country/Cross-Country,department_name:mens AND item_type_keyword:cross-country-running-shoes,See Available Refinements679301011,Shoes/Men/Athletic/Track & Field & Cross Country/Track & Field,department_name:mens AND item_type_keyword:track-shoes,See Available Refinements1264575011,Shoes/Men/Athletic/Trail Running,department_name:mens AND item_type_keyword:trail-runners,See Available Refinements679302011,Shoes/Men/Athletic/Volleyball,department_name:mens AND item_type_keyword:volleyball-shoes,See Available Refinements679303011,Shoes/Men/Athletic/Walking,department_name:mens AND item_type_keyword:walking-shoes,See Available Refinements679304011,Shoes/Men/Athletic/Water Shoes,department_name:mens AND item_type_keyword:athletic-water-shoes,See Available Refinements679305011,Shoes/Men/Athletic/Wrestling,department_name:mens AND item_type_keyword:wrestling-shoes,See Available Refinements679307011,Shoes/Men/Boots,department_name:mens AND item_type_keyword:boots,See Available Refinements679312011,Shoes/Men/Fashion Sneakers,department_name:mens AND item_type_keyword:fashion-sneakers,See Available Refinements679313011,Shoes/Men/Loafers & Slip-Ons,department_name:mens AND item_type_keyword:loafers-shoes,See Available Refinements3420996011,Shoes/Men/Mules & Clogs,department_name:mens AND item_type_keyword:clogs-and-mules-shoes,See Available Refinements6127766011,Shoes/Men/Outdoor,,See Available Refinements679270011,Shoes/Men/Outdoor/Climbing,department_name:mens AND item_type_keyword:rock-climbing-shoes,See Available Refinements3420955011,Shoes/Men/Outdoor/Hiking & Trekking,,See Available Refinements3420956011,Shoes/Men/Outdoor/Hiking & Trekking/Backpacking Boots,department_name:mens AND item_type_keyword:backpacking-boots,See Available Refinements679280011,Shoes/Men/Outdoor/Hiking & Trekking/Hiking Boots,department_name:mens AND item_type_keyword:hiking-boots,See Available Refinements679282011,Shoes/Men/Outdoor/Hiking & Trekking/Hiking Shoes,department_name:mens AND item_type_keyword:hiking-shoes,See Available Refinements679281011,Shoes/Men/Outdoor/Hiking & Trekking/Mountaineering Hard Shell,department_name:mens AND item_type_keyword:mountaineering-boots,See Available Refinements679283011,Shoes/Men/Outdoor/Hunting,department_name:mens AND item_type_keyword:hunting-shoes,See Available Refinements3420968011,Shoes/Men/Outdoor/Rain Footwear,,See Available Refinements679266011,Shoes/Men/Outdoor/Rain Footwear/Rain Boots,department_name:mens AND item_type_keyword:rain-boots,See Available Refinements3420970011,Shoes/Men/Outdoor/Rain Footwear/Rain Shoes,department_name:mens AND item_type_keyword:rain-shoes,See Available Refinements5658904011,Shoes/Men/Outdoor/Snow Boots,department_name:mens AND item_type_keyword:snow-boots,See Available Refinements3420986011,Shoes/Men/Outdoor/Snow Sneakers,department_name:mens AND item_type_keyword:snow-sneakers,See Available Refinements679291011,Shoes/Men/Outdoor/Sport Sandals,department_name:mens AND item_type_keyword:athletic-sandals,See Available Refinements1264575011,Shoes/Men/Outdoor/Trail Running,department_name:mens AND item_type_keyword:trail-runners,See Available Refinements679304011,Shoes/Men/Outdoor/Water Shoes,department_name:mens AND item_type_keyword:athletic-water-shoes,See Available Refinements679319011,Shoes/Men/Oxfords,department_name:mens AND item_type_keyword:oxfords-shoes,See Available Refinements679320011,Shoes/Men/Sandals,department_name:mens AND item_type_keyword:sandals,See Available Refinements679324011,Shoes/Men/Slippers,department_name:mens AND item_type_keyword:slippers,See Available Refinements679334011,Shoes/Men/Work & Safety,,See Available Refinements679335011,Shoes/Men/Work & Safety/Boots,department_name:mens AND item_type_keyword:work-boots,See Available Refinements679336011,Shoes/Men/Work & Safety/Shoes,department_name:mens AND item_type_keyword:work-shoes,See Available Refinements684538011,Shoes/Related Accessories,item_type_keyword:shoe-accessories,360832011,Shoes/Related Accessories/Backpacks,item_type_keyword:backpacks,See Available Refinements2404179011,Shoes/Related Accessories/Backpacks/Casual Daypacks,item_type_keyword:basic-multipurpose-backpacks,See Available Refinements3400471,Shoes/Related Accessories/Backpacks/Hiking Daypacks,item_type_keyword:hiking-daypacks,See Available Refinements2404178011,Shoes/Related Accessories/Backpacks/Kids' Backpacks,item_type_keyword:childrens-school-backpacks,See Available Refinements3478932011,Shoes/Related Accessories/Bag Organizers,,3478931011,Shoes/Related Accessories/Bag Organizers/Men,department_name:mens AND item_type_keyword:handbag-organizers,3420366011,Shoes/Related Accessories/Bag Organizers/Women,item_type_keyword:handbag-organizers,3420365011,Shoes/Related Accessories/Belts,2478144011,Shoes/Related Accessories/Belts/Boys,department_name:boys AND item_type_keyword:apparel-belts2478145011,Shoes/Related Accessories/Belts/Girls,department_name:girls AND item_type_keyword:apparel-belts2474947011,Shoes/Related Accessories/Belts/Men,department_name:mens AND item_type_keyword:apparel-belts2474940011,Shoes/Related Accessories/Belts/Women,department_name:womens AND item_type_keyword:apparel-belts3478916011,Shoes/Related Accessories/Cigarette Cases,3478915011,Shoes/Related Accessories/Cigarette Cases/Men,department_name:mens AND item_type_keyword:cigarette-cases3478914011,Shoes/Related Accessories/Cigarette Cases/Women,department_name:womens AND item_type_keyword:cigarette-cases11062771,Shoes/Related Accessories/Cosmetic Bags,item_type_keyword:cosmetic-bags3478918011,Shoes/Related Accessories/Eyewear & Eyewear Accessories,3478923011,Shoes/Related Accessories/Eyewear & Eyewear Accessories/Eyeglass Cases,3478924011,Shoes/Related Accessories/Eyewear & Eyewear Accessories/Eyeglass Cases/Men,department_name:mens AND item_type_keyword:eyeglass-cases3478925011,Shoes/Related Accessories/Eyewear & Eyewear Accessories/Eyeglass Cases/Women,department_name:womens AND item_type_keyword:eyeglass-cases3508016011,Shoes/Related Accessories/Eyewear & Eyewear Accessories/Eyeglass Chains,3478926011,Shoes/Related Accessories/Eyewear & Eyewear Accessories/Eyeglass Chains/Men,department_name:mens AND item_type_keyword:eyeglass-chains3478927011,Shoes/Related Accessories/Eyewear & Eyewear Accessories/Eyeglass Chains/Women,department_name:womens AND item_type_keyword:eyeglass-chains3478920011,Shoes/Related Accessories/Eyewear & Eyewear Accessories/Prescription Eyewear Frames,,3478922011,Shoes/Related Accessories/Eyewear & Eyewear Accessories/Prescription Eyewear Frames/Men,department_name:mens AND item_type_keyword:prescription-eyewear-frames,3478921011,Shoes/Related Accessories/Eyewear & Eyewear Accessories/Prescription Eyewear Frames/Women,department_name:womens AND item_type_keyword:prescription-eyewear-frames,3779821,Shoes/Related Accessories/Eyewear & Eyewear Accessories/Reading Glasses,item_type_keyword:reading-glasses,3508161011,Shoes/Related Accessories/Eyewear & Eyewear Accessories/Replacement Sunglass Lenses,,3508163011,Shoes/Related Accessories/Eyewear & Eyewear Accessories/Replacement Sunglass Lenses/Men,department_name:mens AND item_type_keyword:replacement-sunglass-lenses,3508162011,Shoes/Related Accessories/Eyewear & Eyewear Accessories/Replacement Sunglass Lenses/Women,department_name:womens AND item_type_keyword:replacement-sunglass-lenses,3478919011,Shoes/Related Accessories/Eyewear & Eyewear Accessories/Sunglasses,,2475018011,Shoes/Related Accessories/Eyewear & Eyewear Accessories/Sunglasses/Boys,department_name:boys AND item_type_keyword:sunglasses,2474959011,Shoes/Related Accessories/Eyewear & Eyewear Accessories/Sunglasses/Girls,department_name:girls AND item_type_keyword:sunglasses,2474995011,Shoes/Related Accessories/Eyewear & Eyewear Accessories/Sunglasses/Men,department_name:mens AND item_type_keyword:sunglasses,See Available Refinements2474971011,Shoes/Related Accessories/Eyewear & Eyewear Accessories/Sunglasses/Women,department_name:womens AND item_type_keyword:sunglasses,See Available Refinements3420364011,Shoes/Related Accessories/Handbag Hangers,department_name:womens AND item_type_keyword:purse-hangers,3478928011,Shoes/Related Accessories/Key Cases,,3587997011,Shoes/Related Accessories/Key Cases/Men,department_name:mens AND item_type_keyword:pocket-key-cases,3478930011,Shoes/Related Accessories/Key Cases/Women,department_name:womens AND item_type_keyword:pocket-key-cases,3420367011,Shoes/Related Accessories/Keyrings & Keychains,2475889011,Shoes/Related Accessories/Keyrings & Keychains/Men,department_name:mens AND item_type_keyword:key-chains2475896011,Shoes/Related Accessories/Keyrings & Keychains/Women,department_name:womens AND item_type_keyword:key-chains3478917011,Shoes/Related Accessories/Portable Ashtrays,item_type_keyword:portable-ashtrays690594011,Shoes/Related Accessories/Socks,690599011,Shoes/Related Accessories/Socks/Boys,1046202,Shoes/Related Accessories/Socks/Boys/Infant & Toddler Boys' Socks,department_name:baby-boys AND item_type_keyword:infant-and-toddler-socks1046030,Shoes/Related Accessories/Socks/Boys/Little & Big Boys' Socks,department_name:boys AND item_type_keyword:socks2422509011,Shoes/Related Accessories/Socks/Boys/Little & Big Boys' Socks/Athletic Socks,department_name:boys AND item_type_keyword:athletic-socks2422563011,Shoes/Related Accessories/Socks/Boys/Little & Big Boys' Socks/Dress Socks,department_name:boys AND item_type_keyword:dress-socks5427610011,Shoes/Related Accessories/Socks/Boys/Little & Big Boys' Socks/Slipper Socks,department_name:boys AND item_type_keyword:slipper-socks690597011,Shoes/Related Accessories/Socks/Girls,1258892011,Shoes/Related Accessories/Socks/Girls/Infant & Toddler Girls' Socks,department_name:baby-girls AND item_type_keyword:infant-and-toddler-socks1045426,Shoes/Related Accessories/Socks/Girls/Little & Big Girls' Socks & Tights,2412721011,Shoes/Related Accessories/Socks/Girls/Little & Big Girls' Socks & Tights/Athletic Socks,department_name:girls AND item_type_keyword:athletic-socks2412730011,Shoes/Related Accessories/Socks/Girls/Little & Big Girls' Socks & Tights/Casual & Dress Socks,department_name:girls AND item_type_keyword:socks5427611011,Shoes/Related Accessories/Socks/Girls/Little & Big Girls' Socks & Tights/Slipper Socks,department_name:girls AND item_type_keyword:slipper-socks,1045462,Shoes/Related Accessories/Socks/Girls/Little & Big Girls' Socks & Tights/Tights,department_name:girls AND item_type_keyword:tights,2528215011,Shoes/Related Accessories/Socks/Men,,1045724,Shoes/Related Accessories/Socks/Men/Athletic Socks,department_name:mens AND item_type_keyword:athletic-socks,2476509011,Shoes/Related Accessories/Socks/Men/Casual Socks,department_name:mens AND item_type_keyword:casual-socks,1045726,Shoes/Related Accessories/Socks/Men/Dress & Trouser Socks,department_name:mens AND item_type_keyword:dress-socks,2528214011,Shoes/Related Accessories/Socks/Women,,1044920,Shoes/Related Accessories/Socks/Women/Athletic Socks,department_name:womens AND item_type_keyword:athletic-socks,2376196011,Shoes/Related Accessories/Socks/Women/Casual Socks,department_name:womens AND item_type_keyword:casual-socks,2376197011,Shoes/Related Accessories/Socks/Women/Dress & Trouser Socks,department_name:womens AND item_type_keyword:dress-socks,15744111,Shoes/Related Accessories/Umbrellas,item_type_keyword:umbrellas,See Available Refinements3420368011,Shoes/Related Accessories/Wallets & Money Organizers,,3420369011,Shoes/Related Accessories/Wallets & Money Organizers/Men,,2475887011,Shoes/Related Accessories/Wallets & Money Organizers/Men/Card & ID Cases,,3420362011,Shoes/Related Accessories/Wallets & Money Organizers/Men/Card & ID Cases/Business Card Cases,department_name:mens AND item_type_keyword:card-case-wallets,2503686011,Shoes/Related Accessories/Wallets & Money Organizers/Men/Card & ID Cases/Card Cases,department_name:mens AND item_type_keyword:credit-card-holders,3420363011,Shoes/Related Accessories/Wallets & Money Organizers/Men/Card & ID Cases/Commuter Pass Cases,department_name:mens AND item_type_keyword:commuter-pass-cases2503687011,Shoes/Related Accessories/Wallets & Money Organizers/Men/Card & ID Cases/ID Cases,department_name:mens AND item_type_keyword:identification-cases2475888011,Shoes/Related Accessories/Wallets & Money Organizers/Men/Coin Purses & Pouches,department_name:mens AND item_type_keyword:coin-purses2475894011,Shoes/Related Accessories/Wallets & Money Organizers/Men/Money Clips,department_name:mens AND item_type_keyword:money-clips2475895011,Shoes/Related Accessories/Wallets & Money Organizers/Men/Wallets,department_name:mens AND item_type_keyword:wallets3420370011,Shoes/Related Accessories/Wallets & Money Organizers/Women,2475879011,Shoes/Related Accessories/Wallets & Money Organizers/Women/Card & ID Cases,3420359011,Shoes/Related Accessories/Wallets & Money Organizers/Women/Card & ID Cases/Business Card Cases,department_name:womens AND item_type_keyword:card-case-wallets2503682011,Shoes/Related Accessories/Wallets & Money Organizers/Women/Card & ID Cases/Card Cases,department_name:womens AND item_type_keyword:credit-card-holders3420360011,Shoes/Related Accessories/Wallets & Money Organizers/Women/Card & ID Cases/Commuter Pass Cases,department_name:womens AND item_type_keyword:commuter-pass-cases2503683011,Shoes/Related Accessories/Wallets & Money Organizers/Women/Card & ID Cases/ID Cases,department_name:womens AND item_type_keyword:identification-cases3420361011,Shoes/Related Accessories/Wallets & Money Organizers/Women/Checkbook Covers,department_name:womens AND item_type_keyword:checkbook-cases2475880011,Shoes/Related Accessories/Wallets & Money Organizers/Women/Coin Purses & Pouches,department_name:womens AND item_type_keyword:coin-purses2475897011,Shoes/Related Accessories/Wallets & Money Organizers/Women/Money Clips,department_name:womens AND item_type_keyword:money-clips2475898011,Shoes/Related Accessories/Wallets & Money Organizers/Women/Wallets,department_name:womens AND item_type_keyword:wallets637400,Shoes/Shoe Care & Accessories,item_type_keyword:shoe-care-products3743391,Shoes/Shoe Care & Accessories/Electric Shoe Polishers,item_type_keyword:electric-shoe-polishers3421064011,Shoes/Shoe Care & Accessories/Ice & Snow Grips,item_type_keyword:ice-and-snow-traction-cleats3421046011,Shoes/Shoe Care & Accessories/Polishes & Dyes,3421048011,Shoes/Shoe Care & Accessories/Polishes & Dyes/Dyes,item_type_keyword:shoe-dyes3421047011,Shoes/Shoe Care & Accessories/Polishes & Dyes/Polishes,item_type_keyword:shoe-polishes3421053011,Shoes/Shoe Care & Accessories/Shoe & Boot Toe Guards,item_type_keyword:shoe-and-boot-toe-guards3421050011,Shoes/Shoe Care & Accessories/Shoe & Boot Trees,3421052011,Shoes/Shoe Care & Accessories/Shoe & Boot Trees/Boot Trees,item_type_keyword:boot-trees3421051011,Shoes/Shoe Care & Accessories/Shoe & Boot Trees/Shoe Trees,item_type_keyword:shoe-trees3421063011,Shoes/Shoe Care & Accessories/Shoe Bags,item_type_keyword:shoe-bags3743401,Shoes/Shoe Care & Accessories/Shoe Brushes,item_type_keyword:shoe-brushes3743371,Shoes/Shoe Care & Accessories/Shoe Care Kits & Sets,3621779011,Shoes/Shoe Care & Accessories/Shoe Care Kits & Sets/Shoe Care Kits,item_type_keyword:shoe-care-kits3621780011,Shoes/Shoe Care & Accessories/Shoe Care Kits & Sets/Shoe Care Sets,item_type_keyword:shoe-care-product-sets3421058011,Shoes/Shoe Care & Accessories/Shoe Covers & Overshoes,3421060011,Shoes/Shoe Care & Accessories/Shoe Covers & Overshoes/Overshoes,item_type_keyword:overshoes3421059011,Shoes/Shoe Care & Accessories/Shoe Covers & Overshoes/Shoe Covers,item_type_keyword:protective-shoe-covers,3421062011,Shoes/Shoe Care & Accessories/Shoe Decoration Charms,item_type_keyword:shoe-decoration-charms,3743411,Shoes/Shoe Care & Accessories/Shoe Dryers,item_type_keyword:shoe-dryers,3421061011,Shoes/Shoe Care & Accessories/Shoe Fresheners,item_type_keyword:shoe-fresheners,3421055011,Shoes/Shoe Care & Accessories/Shoe Horns & Boot Jacks,,3421056011,Shoes/Shoe Care & Accessories/Shoe Horns & Boot Jacks/Boot Jacks,item_type_keyword:boot-jacks,3421057011,Shoes/Shoe Care & Accessories/Shoe Horns & Boot Jacks/Shoe Horns,item_type_keyword:shoehorns,3780081,Shoes/Shoe Care & Accessories/Shoe Inserts & Insoles,item_type_keyword:shoe-inserts,3780091,Shoes/Shoe Care & Accessories/Shoe Inserts & Insoles/Arch Supports,item_type_keyword:foot-arch-supports,3780101,Shoes/Shoe Care & Accessories/Shoe Inserts & Insoles/Ball-of-Foot Cushions,item_type_keyword:ball-of-foot-cushions,3780111,Shoes/Shoe Care & Accessories/Shoe Inserts & Insoles/Heel Cushions & Cups,item_type_keyword:heel-cushions-and-cups,3780121,Shoes/Shoe Care & Accessories/Shoe Inserts & Insoles/Insoles,item_type_keyword:shoe-insoles,3421065011,Shoes/Shoe Care & Accessories/Shoe Measuring Devices,item_type_keyword:shoe-measuring-devices,3421054011,Shoes/Shoe Care & Accessories/Shoelaces,item_type_keyword:shoelaces,679337011,Shoes/Women,department_name:womens AND item_type_keyword:footwear,See Available Refinements6127771011,Shoes/Women/Athletic,,See Available Refinements679339011,Shoes/Women/Athletic/Ballet & Dance,department_name:womens AND item_type_keyword:dance-shoes,See Available Refinements679341011,Shoes/Women/Athletic/Basketball,department_name:womens AND item_type_keyword:basketball-shoes,See Available Refinements679344011,Shoes/Women/Athletic/Boating,department_name:womens AND item_type_keyword:athletic-boating-shoes,See Available Refinements679348011,Shoes/Women/Athletic/Bowling,department_name:womens AND item_type_keyword:bowling-shoes,See Available Refinements3412265011,Shoes/Women/Athletic/Boxing,department_name:womens AND item_type_keyword:boxing-shoes,See Available Refinements3412263011,Shoes/Women/Athletic/Cheerleading,department_name:womens AND item_type_keyword:cheerleading-shoes,See Available Refinements3412264011,Shoes/Women/Athletic/Cricket,department_name:womens AND item_type_keyword:cricket-shoes,See Available Refinements679352011,Shoes/Women/Athletic/Cycling,department_name:womens AND item_type_keyword:cycling-footwear,See Available Refinements3412260011,Shoes/Women/Athletic/Equestrian Sport Boots,department_name:womens AND item_type_keyword:equestrian-boots,See Available Refinements3412242011,Shoes/Women/Athletic/Field Hockey & Lacrosse,,See Available Refinements3412243011,Shoes/Women/Athletic/Field Hockey & Lacrosse/Field Hockey,department_name:womens AND item_type_keyword:field-hockey-shoes,See Available Refinements2527737011,Shoes/Women/Athletic/Field Hockey & Lacrosse/Lacrosse,department_name:womens AND item_type_keyword:lacrosse-shoes,See Available Refinements679351011,Shoes/Women/Athletic/Fitness & Cross-Training,department_name:womens AND item_type_keyword:cross-trainer-shoes,See Available Refinements2527739011,Shoes/Women/Athletic/Football,department_name:womens AND item_type_keyword:football-shoes,See Available Refinements3412235011,Shoes/Women/Athletic/Futsal,department_name:womens AND item_type_keyword:futsal-shoes,See Available Refinements679353011,Shoes/Women/Athletic/Golf,department_name:womens AND item_type_keyword:golf-shoes,See Available Refinements3412262011,Shoes/Women/Athletic/Gymnastics,department_name:womens AND item_type_keyword:gymnastics-shoes,See Available Refinements3412236011,Shoes/Women/Athletic/Handball,department_name:womens AND item_type_keyword:american-handball-shoes,See Available Refinements3412261011,Shoes/Women/Athletic/Indoor Multisport Court Shoes,department_name:womens AND item_type_keyword:indoor-court-shoes,See Available Refinements3412245011,Shoes/Women/Athletic/Racquet Sports,,See Available Refinements3412246011,Shoes/Women/Athletic/Racquet Sports/Badminton,department_name:womens AND item_type_keyword:badminton-shoes,See Available Refinements3412247011,Shoes/Women/Athletic/Racquet Sports/Racquetball,department_name:womens AND item_type_keyword:racquetball-shoes,See Available Refinements3412248011,Shoes/Women/Athletic/Racquet Sports/Squash,department_name:womens AND item_type_keyword:squash-shoes,See Available Refinements679374011,Shoes/Women/Athletic/Racquet Sports/Tennis,department_name:womens AND item_type_keyword:tennis-shoes,See Available Refinements2527738011,Shoes/Women/Athletic/Rugby,department_name:womens AND item_type_keyword:rugby-shoes,See Available Refinements679360011,Shoes/Women/Athletic/Running,department_name:womens AND item_type_keyword:running-shoes,See Available Refinements679369011,Shoes/Women/Athletic/Skateboarding,department_name:womens AND item_type_keyword:skateboarding-shoes,See Available Refinements679370011,Shoes/Women/Athletic/Soccer,department_name:womens AND item_type_keyword:soccer-shoes,See Available Refinements679340011,Shoes/Women/Athletic/Softball & Baseball,,See Available Refinements3412233011,Shoes/Women/Athletic/Softball & Baseball/Baseball,department_name:womens AND item_type_keyword:baseball-shoes,See Available Refinements3412234011,Shoes/Women/Athletic/Softball & Baseball/Softball,department_name:womens AND item_type_keyword:softball-shoes,See Available Refinements679365011,Shoes/Women/Athletic/Sport Sandals,department_name:womens AND item_type_keyword:athletic-sandals,See Available Refinements3412266011,Shoes/Women/Athletic/Table Tennis,department_name:womens AND item_type_keyword:table-tennis-shoes,See Available Refinements3412255011,Shoes/Women/Athletic/Track & Field & Cross Country,,See Available Refinements2527742011,Shoes/Women/Athletic/Track & Field & Cross Country/Cross-Country,department_name:womens AND item_type_keyword:cross-country-running-shoes,See Available Refinements679375011,Shoes/Women/Athletic/Track & Field & Cross Country/Track & Field,department_name:womens AND item_type_keyword:track-shoes,See Available Refinements1264582011,Shoes/Women/Athletic/Trail Running,department_name:womens AND item_type_keyword:trail-runners,See Available Refinements679376011,Shoes/Women/Athletic/Volleyball,department_name:womens AND item_type_keyword:volleyball-shoes,See Available Refinements679377011,Shoes/Women/Athletic/Walking,department_name:womens AND item_type_keyword:walking-shoes,See Available Refinements679378011,Shoes/Women/Athletic/Water Shoes,department_name:womens AND item_type_keyword:athletic-water-shoes,See Available Refinements2527745011,Shoes/Women/Athletic/Wrestling,department_name:womens AND item_type_keyword:wrestling-shoes,See Available Refinements679380011,Shoes/Women/Boots,department_name:womens AND item_type_keyword:boots,See Available Refinements679394011,Shoes/Women/Fashion Sneakers,department_name:womens AND item_type_keyword:fashion-sneakers,See Available Refinements679399011,Shoes/Women/Flats,department_name:womens AND item_type_keyword:flats-shoes,See Available Refinements679404011,Shoes/Women/Loafers & Slip-Ons,department_name:womens AND item_type_keyword:loafers-shoes,See Available Refinements679410011,Shoes/Women/Mules & Clogs,department_name:womens AND item_type_keyword:clogs-and-mules-shoes,See Available Refinements6127767011,Shoes/Women/Outdoor,,See Available Refinements679350011,Shoes/Women/Outdoor/Climbing,department_name:womens AND item_type_keyword:rock-climbing-shoes,See Available Refinements3412237011,Shoes/Women/Outdoor/Hiking & Trekking,,See Available Refinements3412238011,Shoes/Women/Outdoor/Hiking & Trekking/Backpacking Boots,department_name:womens AND item_type_keyword:backpacking-boots,See Available Refinements679355011,Shoes/Women/Outdoor/Hiking & Trekking/Hiking Boots,department_name:womens AND item_type_keyword:hiking-boots,See Available Refinements679357011,Shoes/Women/Outdoor/Hiking & Trekking/Hiking Shoes,department_name:womens AND item_type_keyword:hiking-shoes,See Available Refinements679356011,Shoes/Women/Outdoor/Hiking & Trekking/Mountaineering Boots,department_name:womens AND item_type_keyword:mountaineering-boots,See Available Refinements679358011,Shoes/Women/Outdoor/Hunting,department_name:womens AND item_type_keyword:hunting-shoes,See Available Refinements3412250011,Shoes/Women/Outdoor/Rain Footwear,,See Available Refinements679346011,Shoes/Women/Outdoor/Rain Footwear/Rain Boots,department_name:womens AND item_type_keyword:rain-boots,See Available Refinements3412252011,Shoes/Women/Outdoor/Rain Footwear/Rain Shoes,department_name:womens AND item_type_keyword:rain-shoes,See Available Refinements5658903011,Shoes/Women/Outdoor/Snow Boots,department_name:womens AND item_type_keyword:snow-boots,See Available Refinements3412268011,Shoes/Women/Outdoor/Snow Sneakers,department_name:womens AND item_type_keyword:snow-sneakers,See Available Refinements679365011,Shoes/Women/Outdoor/Sport Sandals,department_name:womens AND item_type_keyword:athletic-sandals,See Available Refinements1264582011,Shoes/Women/Outdoor/Trail Running,department_name:womens AND item_type_keyword:trail-runners,See Available Refinements679378011,Shoes/Women/Outdoor/Water Shoes,department_name:womens AND item_type_keyword:athletic-water-shoes,See Available Refinements679415011,Shoes/Women/Oxfords,department_name:womens AND item_type_keyword:oxfords-shoes,See Available Refinements679416011,Shoes/Women/Pumps,department_name:womens AND item_type_keyword:pumps-shoes,See Available Refinements679425011,Shoes/Women/Sandals,department_name:womens AND item_type_keyword:sandals,See Available Refinements679433011,Shoes/Women/Slippers,department_name:womens AND item_type_keyword:slippers,See Available Refinements679442011,Shoes/Women/Work & Safety,,See Available Refinements679443011,Shoes/Women/Work & Safety/Boots,department_name:womens AND item_type_keyword:work-boots,See Available Refinements679444011,Shoes/Women/Work & Safety/Shoes,department_name:womens AND item_type_keyword:work-shoes,See Available Refinements